Date,Symbol,Security Name,Client Name,Buy/Sell,Quantity Traded,Trade Price / Wght. Avg. Price,Remarks,kind
08-OCT-2026,ACEVECTOR,AceVector Limited,QE SECURITIES LLP,BUY,3174081.0,31.37,-,bulk
08-OCT-2026,ACEVECTOR,AceVector Limited,ALPHAGREP SECURITIES PRIVATE LIMITED,BUY,2890451.0,31.59,-,bulk
08-OCT-2026,ACEVECTOR,AceVector Limited,JUMP TRADING FINANCIAL INDIA PRIVATE LIMITED,BUY,3014650.0,31.4,-,bulk
08-OCT-2026,ACEVECTOR,AceVector Limited,MATHISYS QUANTCAP LLP,BUY,3495573.0,31.31,-,bulk
08-OCT-2026,AHCL,Anlon Healthcare Limited,NEO APEX SHARE BROKING SERVICES LLP,BUY,5417160.0,26.78,-,bulk
08-OCT-2026,ARFIN,Arfin India Limited,QE SECURITIES LLP,BUY,844843.0,107.49,-,bulk
08-OCT-2026,ARFIN,Arfin India Limited,ALPHAGREP SECURITIES PRIVATE LIMITED,BUY,970084.0,108.03,-,bulk
08-OCT-2026,BMISL,Bench Mark Infotech Ser L,DHARMENDRA SHAMBHUBHAI VAGHASHIA,BUY,100800.0,124.76,-,bulk
08-OCT-2026,BROOKS,Brooks Lab Limited,AMIT KUMAR JAIN,BUY,258042.0,70.26,-,bulk
08-OCT-2026,DEEPA,Deepa Jewellers Limited,QE SECURITIES LLP,BUY,710342.0,230.79,-,bulk
08-OCT-2026,DEEPA,Deepa Jewellers Limited,HRTI PRIVATE LIMITED,BUY,418956.0,231.08,-,bulk
08-OCT-2026,EIMCOELECO,Eimco Elecon (India) Ltd.,ENIGMA SMALL OPPORTUNITIES FUND,BUY,47141.0,2221.23,-,bulk
08-OCT-2026,EVENTIONS,Eventions Limited,JAGID VANITABEN RAJENDRAPRASAD,BUY,626400.0,111.0,-,bulk
08-OCT-2026,EVENTIONS,Eventions Limited,L7 HITECH PRIVATE LIMITED,BUY,930000.0,111.0,-,bulk
08-OCT-2026,EVENTIONS,Eventions Limited,RIDDHI SIDDHI INTERNATIONAL,BUY,120000.0,111.0,-,bulk
08-OCT-2026,FINOPB,Fino Payments Bank Ltd,IMC INDIA SECURITIES PRIVATE LIMITED,BUY,427151.0,145.7,-,bulk
08-OCT-2026,FINOPB,Fino Payments Bank Ltd,CLT RESEARCH TECH PRIVATE LTD,BUY,643789.0,146.08,-,bulk
08-OCT-2026,FINOPB,Fino Payments Bank Ltd,SILVERLEAF CAPITAL SERVICES PRIVATE LIMITED,BUY,689955.0,146.31,-,bulk
08-OCT-2026,FINOPB,Fino Payments Bank Ltd,IRAGE BROKING SERVICES LLP,BUY,513171.0,146.8,-,bulk
08-OCT-2026,FINOPB,Fino Payments Bank Ltd,NK SECURITIES RESEARCH PRIVATE LIMITED,BUY,1130095.0,146.29,-,bulk
08-OCT-2026,FINOPB,Fino Payments Bank Ltd,J4S FINANCIAL SOLUTIONS LLP,BUY,672324.0,146.46,-,bulk
08-OCT-2026,FINOPB,Fino Payments Bank Ltd,DIPAN MEHTA COMMODITIES PRIVATE LIMITED,BUY,452264.0,146.32,-,bulk
08-OCT-2026,FINOPB,Fino Payments Bank Ltd,JUNOMONETA FINSOL PRIVATE LIMITED,BUY,791349.0,146.4,-,bulk
08-OCT-2026,FINOPB,Fino Payments Bank Ltd,VINSUL MAKARDI LTD,BUY,560878.0,146.56,-,bulk
08-OCT-2026,GCSL,Gretex Corporate Services,MANSUKH SECURITIES & FINANCE LIMITED,BUY,65039.0,691.39,-,bulk
08-OCT-2026,GLASSWALL,Glass Wall System (I) Ltd,QE SECURITIES LLP,BUY,494196.0,265.21,-,bulk
08-OCT-2026,GLASSWALL,Glass Wall System (I) Ltd,JUMP TRADING FINANCIAL INDIA PRIVATE LIMITED,BUY,499884.0,266.77,-,bulk
08-OCT-2026,GLASSWALL,Glass Wall System (I) Ltd,HRTI PRIVATE LIMITED,BUY,516710.0,265.05,-,bulk
08-OCT-2026,GSMFOILS,GSM Foils Limited,HI GROWTH CORPORATE SERVICES PVT LTD,BUY,71000.0,63.75,-,bulk
08-OCT-2026,HTEL,Hy-Tech Engineers Limited,PLUTUS WEALTH MANAGEMENT LLP,BUY,516735.0,97.25,-,bulk
08-OCT-2026,HTEL,Hy-Tech Engineers Limited,MATHISYS QUANTCAP LLP,BUY,745476.0,97.53,-,bulk
08-OCT-2026,HTEL,Hy-Tech Engineers Limited,QE SECURITIES LLP,BUY,1825117.0,97.48,-,bulk
08-OCT-2026,HTEL,Hy-Tech Engineers Limited,IRAGE BROKING SERVICES LLP,BUY,936524.0,96.93,-,bulk
08-OCT-2026,HTEL,Hy-Tech Engineers Limited,ALPHAGREP SECURITIES PRIVATE LIMITED,BUY,2435102.0,97.21,-,bulk
08-OCT-2026,HTEL,Hy-Tech Engineers Limited,VINSUL MAKARDI LTD,BUY,741221.0,97.81,-,bulk
08-OCT-2026,HTEL,Hy-Tech Engineers Limited,HRTI PRIVATE LIMITED,BUY,1868814.0,98.07,-,bulk
08-OCT-2026,HTEL,Hy-Tech Engineers Limited,NK SECURITIES RESEARCH PRIVATE LIMITED,BUY,1150866.0,98.46,-,bulk
08-OCT-2026,HTEL,Hy-Tech Engineers Limited,SILVERLEAF CAPITAL SERVICES PRIVATE LIMITED,BUY,608389.0,96.58,-,bulk
08-OCT-2026,HTEL,Hy-Tech Engineers Limited,MICROCURVES TRADING PRIVATE LIMITED,BUY,1525957.0,98.03,-,bulk
08-OCT-2026,HTEL,Hy-Tech Engineers Limited,J4S FINANCIAL SOLUTIONS LLP,BUY,790746.0,97.3,-,bulk
08-OCT-2026,HTEL,Hy-Tech Engineers Limited,JUNOMONETA FINSOL PRIVATE LIMITED,BUY,2191273.0,97.58,-,bulk
08-OCT-2026,ICELCO,IC Electricals Company L,EVERMORE SHARE BROKING PRIVATE LIMITED,BUY,99600.0,115.05,-,bulk
08-OCT-2026,INDGN,Indegene Limited,PI OPPORTUNITIES AIF V LLP,BUY,2018426.0,590.0,-,bulk
08-OCT-2026,INOXGREEN,Inox Green Energy Ser Ltd,SETU SECURITIES PVT LTD,BUY,3844809.0,110.62,-,bulk
08-OCT-2026,INOXGREEN,Inox Green Energy Ser Ltd,HRTI PRIVATE LIMITED,BUY,2200982.0,114.32,-,bulk
08-OCT-2026,JAIPURKURT,Nandani Creation Limited,AMIT KUMAR JAIN,BUY,126641.0,34.15,-,bulk
08-OCT-2026,JSIPL,Jindal Supreme (India) L,MANSI SHARE AND STOCK BROKING PRIVATE LIMITED,BUY,347448.0,211.2,-,bulk
08-OCT-2026,JSIPL,Jindal Supreme (India) L,HRTI PRIVATE LIMITED,BUY,235418.0,188.09,-,bulk
08-OCT-2026,JSIPL,Jindal Supreme (India) L,NK SECURITIES RESEARCH PRIVATE LIMITED,BUY,330846.0,193.58,-,bulk
08-OCT-2026,JSIPL,Jindal Supreme (India) L,IRAGE BROKING SERVICES LLP,BUY,235522.0,198.6,-,bulk
08-OCT-2026,JSIPL,Jindal Supreme (India) L,NEO APEX SHARE BROKING SERVICES LLP,BUY,189117.0,203.91,-,bulk
08-OCT-2026,JSIPL,Jindal Supreme (India) L,BLITZQUANT RESEARCH LLP,BUY,282941.0,194.66,-,bulk
08-OCT-2026,JSIPL,Jindal Supreme (India) L,ASHWIN STOCKS AND INVESTMENT PRIVATE LIMITED,BUY,229374.0,194.32,-,bulk
08-OCT-2026,KAJARIACER,Kajaria Ceramics Ltd,PI OPPORTUNITIES AIF V LLP,BUY,1128464.0,1211.0,-,bulk
08-OCT-2026,KANOHAR,Kanohar Electricals Ltd,PLUTUS WEALTH MANAGEMENT LLP,BUY,865813.0,1138.36,-,bulk
08-OCT-2026,KANOHAR,Kanohar Electricals Ltd,ALPHAGREP SECURITIES PRIVATE LIMITED,BUY,752695.0,1133.74,-,bulk
08-OCT-2026,KANOHAR,Kanohar Electricals Ltd,JUMP TRADING FINANCIAL INDIA PRIVATE LIMITED,BUY,509595.0,1131.09,-,bulk
08-OCT-2026,KANOHAR,Kanohar Electricals Ltd,QE SECURITIES LLP,BUY,1101408.0,1133.0,-,bulk
08-OCT-2026,KANOHAR,Kanohar Electricals Ltd,ELIXIR WEALTH MANAGEMENT PRIVATE LIMITED,BUY,429856.0,1152.86,-,bulk
08-OCT-2026,KANOHAR,Kanohar Electricals Ltd,HRTI PRIVATE LIMITED,BUY,726017.0,1148.5,-,bulk
08-OCT-2026,KANOHAR,Kanohar Electricals Ltd,JUNOMONETA FINSOL PRIVATE LIMITED,BUY,467707.0,1137.48,-,bulk
08-OCT-2026,KANOHAR,Kanohar Electricals Ltd,MICROCURVES TRADING PRIVATE LIMITED,BUY,431708.0,1151.25,-,bulk
08-OCT-2026,KAVDEFENCE,Kavveri Dfs & Wir Tec Ltd,GUTTIKONDA RAJASEKHAR,BUY,600000.0,94.01,-,bulk
08-OCT-2026,KSHITIJPOL,Kshitij Polyline Limited,INDIA FAST FORWARD ADVISORY SERVICES PRIVATE LIMITED,BUY,5734241.0,3.65,-,bulk
08-OCT-2026,MOBIKWIK,One Mobikwik Systems Ltd,PLUTUS WEALTH MANAGEMENT LLP,BUY,641562.0,240.53,-,bulk
08-OCT-2026,MOBIKWIK,One Mobikwik Systems Ltd,HRTI PRIVATE LIMITED,BUY,897089.0,240.85,-,bulk
08-OCT-2026,MOBIKWIK,One Mobikwik Systems Ltd,BANK OF INDIA SMALL CAP FUND,BUY,448582.0,240.48,-,bulk
08-OCT-2026,MOBIKWIK,One Mobikwik Systems Ltd,ALPHAGREP SECURITIES PRIVATE LIMITED,BUY,673607.0,239.98,-,bulk
08-OCT-2026,MOBIKWIK,One Mobikwik Systems Ltd,QE SECURITIES LLP,BUY,1073209.0,240.94,-,bulk
08-OCT-2026,MONEYVIEW,Moneyview Limited,PLUTUS WEALTH MANAGEMENT LLP,BUY,14240993.0,61.07,-,bulk
08-OCT-2026,MONEYVIEW,Moneyview Limited,ALPHAGREP SECURITIES PRIVATE LIMITED,BUY,15286484.0,60.47,-,bulk
08-OCT-2026,MONEYVIEW,Moneyview Limited,MICROCURVES TRADING PRIVATE LIMITED,BUY,12220799.0,59.92,-,bulk
08-OCT-2026,MONEYVIEW,Moneyview Limited,JUMP TRADING FINANCIAL INDIA PRIVATE LIMITED,BUY,15456742.0,60.03,-,bulk
08-OCT-2026,NITYAS,Nityas Gems N Jewellery L,ARIHANT CAPITAL MARKETS LIMITED,BUY,510000.0,79.83,-,bulk
08-OCT-2026,NITYAS,Nityas Gems N Jewellery L,NEO APEX SHARE BROKING SERVICES LLP,BUY,480000.0,80.0,-,bulk
08-OCT-2026,NITYAS,Nityas Gems N Jewellery L,ANSHU GUPTA,BUY,300000.0,80.0,-,bulk
08-OCT-2026,NITYAS,Nityas Gems N Jewellery L,MARS INVESTMENTS,BUY,300000.0,80.0,-,bulk
08-OCT-2026,PANACHE,Panache Digilife Limited,VIJAY CHANDUMAL DEVNANI,BUY,100000.0,603.45,-,bulk
08-OCT-2026,PARTY-RE,Party Cruisers Ltd,SUMITRA KANWAR,BUY,16600.0,0.3,-,bulk
08-OCT-2026,PARTY-RE,Party Cruisers Ltd,HIRALAL LATHA,BUY,49800.0,0.36,-,bulk
08-OCT-2026,PARTY-RE,Party Cruisers Ltd,SUNIL KUMAR TAXAK,BUY,20418.0,0.4,-,bulk
08-OCT-2026,PARTY-RE,Party Cruisers Ltd,HIRON MONDAL,BUY,16600.0,0.35,-,bulk
08-OCT-2026,PARTY-RE,Party Cruisers Ltd,KUKKUPUNI MURALIKRISHNA,BUY,16766.0,0.4,-,bulk
08-OCT-2026,PARTY-RE,Party Cruisers Ltd,NIMISHA AJAYBHAI PATEL,BUY,46480.0,0.34,-,bulk
08-OCT-2026,PARTY-RE,Party Cruisers Ltd,KAILASH R KABRA HUF,BUY,132966.0,0.4,-,bulk
08-OCT-2026,PARTY-RE,Party Cruisers Ltd,KRISHNA KUMAR,BUY,33200.0,0.35,-,bulk
08-OCT-2026,PARTY-RE,Party Cruisers Ltd,SOWJANYA LATHA SANDA,BUY,332.0,0.3,-,bulk
08-OCT-2026,PCJEWELLER,PC Jeweller Ltd,JUMP TRADING FINANCIAL INDIA PRIVATE LIMITED,BUY,67388003.0,13.96,-,bulk
08-OCT-2026,PCJEWELLER,PC Jeweller Ltd,HRTI PRIVATE LIMITED,BUY,65869187.0,13.95,-,bulk
08-OCT-2026,PNGSREVA,PNGS Reva Diamond Jewel L,IRAGE BROKING SERVICES LLP,BUY,207352.0,711.02,-,bulk
08-OCT-2026,PNGSREVA,PNGS Reva Diamond Jewel L,NK SECURITIES RESEARCH PRIVATE LIMITED,BUY,481028.0,704.79,-,bulk
08-OCT-2026,PNGSREVA,PNGS Reva Diamond Jewel L,ALPHAGREP SECURITIES PRIVATE LIMITED,BUY,827310.0,700.63,-,bulk
08-OCT-2026,PNGSREVA,PNGS Reva Diamond Jewel L,MICROCURVES TRADING PRIVATE LIMITED,BUY,598431.0,705.79,-,bulk
08-OCT-2026,PNGSREVA,PNGS Reva Diamond Jewel L,JUNOMONETA FINSOL PRIVATE LIMITED,BUY,414494.0,700.58,-,bulk
08-OCT-2026,PNGSREVA,PNGS Reva Diamond Jewel L,VINSUL MAKARDI LTD,BUY,173317.0,699.54,-,bulk
08-OCT-2026,PNGSREVA,PNGS Reva Diamond Jewel L,J4S FINANCIAL SOLUTIONS LLP,BUY,174254.0,696.66,-,bulk
08-OCT-2026,PNGSREVA,PNGS Reva Diamond Jewel L,BLITZQUANT RESEARCH LLP,BUY,185271.0,709.89,-,bulk
08-OCT-2026,PNGSREVA,PNGS Reva Diamond Jewel L,QE SECURITIES LLP,BUY,533201.0,698.9,-,bulk
08-OCT-2026,RATNAVEER,Ratnaveer Precision Eng L,ARIHANT CAPITAL MARKETS LIMITED,BUY,371792.0,330.48,-,bulk
08-OCT-2026,RATNAVEER,Ratnaveer Precision Eng L,THAKKAR NILESHKUMAR FARSHURAM HUF,BUY,450000.0,335.41,-,bulk
08-OCT-2026,RHETAN,Rhetan TMT Limited,JAGID VANITABEN RAJENDRAPRASAD,BUY,6851125.0,18.26,-,bulk
08-OCT-2026,SENCO,Senco Gold Limited,NK SECURITIES RESEARCH PRIVATE LIMITED,BUY,879688.0,348.42,-,bulk
08-OCT-2026,SENCO,Senco Gold Limited,ALPHAGREP SECURITIES PRIVATE LIMITED,BUY,1650203.0,345.74,-,bulk
08-OCT-2026,SENCO,Senco Gold Limited,JUNOMONETA FINSOL PRIVATE LIMITED,BUY,944482.0,344.98,-,bulk
08-OCT-2026,SENCO,Senco Gold Limited,QE SECURITIES LLP,BUY,1116036.0,343.88,-,bulk
08-OCT-2026,SENCO,Senco Gold Limited,IRAGE BROKING SERVICES LLP,BUY,956345.0,347.17,-,bulk
08-OCT-2026,SENCO,Senco Gold Limited,MICROCURVES TRADING PRIVATE LIMITED,BUY,1668128.0,344.44,-,bulk
08-OCT-2026,SHANTI,Shanti Overseas (Ind) Ltd,PRASANNA PHANI SANKAR POGARU,BUY,100222.0,5.87,-,bulk
08-OCT-2026,SHANTIGOLD,Shanti Gold Internation L,HRTI PRIVATE LIMITED,BUY,500451.0,348.53,-,bulk
08-OCT-2026,SWASTIKAIN,Swastika Infra Limited,WEALTH 4 U HOSPITALITY CONSULTANCY PRIVATE LIMITED,BUY,2656.0,220.37,-,bulk
08-OCT-2026,VNL,Vishal Nirmiti Limited,TRADE PULSE BROKING PRIVATE LIMITED,BUY,195000.0,215.0,-,bulk
08-OCT-2026,AAATECH,AAA Technologies Limited,NAUTILUS PRIVATE CAPITAL LTD,SELL,165420.0,103.44,-,bulk
08-OCT-2026,ACEVECTOR,AceVector Limited,JUMP TRADING FINANCIAL INDIA PRIVATE LIMITED,SELL,2479198.0,30.69,-,bulk
08-OCT-2026,ACEVECTOR,AceVector Limited,ALPHAGREP SECURITIES PRIVATE LIMITED,SELL,2890451.0,31.55,-,bulk
08-OCT-2026,ACEVECTOR,AceVector Limited,QE SECURITIES LLP,SELL,3058637.0,30.96,-,bulk
08-OCT-2026,ACEVECTOR,AceVector Limited,MATHISYS QUANTCAP LLP,SELL,3621069.0,31.04,-,bulk
08-OCT-2026,AHCL,Anlon Healthcare Limited,NEO APEX SHARE BROKING SERVICES LLP,SELL,6271530.0,26.81,-,bulk
08-OCT-2026,ARFIN,Arfin India Limited,QE SECURITIES LLP,SELL,771329.0,107.5,-,bulk
08-OCT-2026,ARFIN,Arfin India Limited,ALPHAGREP SECURITIES PRIVATE LIMITED,SELL,970084.0,108.09,-,bulk
08-OCT-2026,BROOKS,Brooks Lab Limited,AMIT KUMAR JAIN,SELL,278062.0,70.24,-,bulk
08-OCT-2026,CUDML,Cash Ur Drive Marketing L,GAURAV RAMESHKUMAR VIRADIA,SELL,92000.0,87.54,-,bulk
08-OCT-2026,DEEPA,Deepa Jewellers Limited,QE SECURITIES LLP,SELL,713548.0,230.52,-,bulk
08-OCT-2026,DEEPA,Deepa Jewellers Limited,HRTI PRIVATE LIMITED,SELL,528812.0,230.17,-,bulk
08-OCT-2026,FASCINATE,Fascinate Textiles Ltd,MADHAV STOCK VISION PVT LTD,SELL,72000.0,89.75,-,bulk
08-OCT-2026,FINOPB,Fino Payments Bank Ltd,IMC INDIA SECURITIES PRIVATE LIMITED,SELL,426882.0,146.48,-,bulk
08-OCT-2026,FINOPB,Fino Payments Bank Ltd,DIPAN MEHTA COMMODITIES PRIVATE LIMITED,SELL,411825.0,146.16,-,bulk
08-OCT-2026,FINOPB,Fino Payments Bank Ltd,VINSUL MAKARDI LTD,SELL,561020.0,146.91,-,bulk
08-OCT-2026,FINOPB,Fino Payments Bank Ltd,IRAGE BROKING SERVICES LLP,SELL,449502.0,146.67,-,bulk
08-OCT-2026,FINOPB,Fino Payments Bank Ltd,CLT RESEARCH TECH PRIVATE LTD,SELL,643789.0,146.16,-,bulk
08-OCT-2026,FINOPB,Fino Payments Bank Ltd,J4S FINANCIAL SOLUTIONS LLP,SELL,672324.0,146.67,-,bulk
08-OCT-2026,FINOPB,Fino Payments Bank Ltd,NK SECURITIES RESEARCH PRIVATE LIMITED,SELL,1130095.0,146.37,-,bulk
08-OCT-2026,FINOPB,Fino Payments Bank Ltd,JUNOMONETA FINSOL PRIVATE LIMITED,SELL,791376.0,146.54,-,bulk
08-OCT-2026,FINOPB,Fino Payments Bank Ltd,SILVERLEAF CAPITAL SERVICES PRIVATE LIMITED,SELL,689955.0,146.33,-,bulk
08-OCT-2026,GCSL,Gretex Corporate Services,MANSUKH SECURITIES & FINANCE LIMITED,SELL,126741.0,688.9,-,bulk
08-OCT-2026,GLASSWALL,Glass Wall System (I) Ltd,JUMP TRADING FINANCIAL INDIA PRIVATE LIMITED,SELL,498121.0,265.35,-,bulk
08-OCT-2026,GLASSWALL,Glass Wall System (I) Ltd,QE SECURITIES LLP,SELL,500227.0,265.58,-,bulk
08-OCT-2026,GLASSWALL,Glass Wall System (I) Ltd,HRTI PRIVATE LIMITED,SELL,553333.0,265.13,-,bulk
08-OCT-2026,GNRL,Gujarat Natural Res L,ACHINTYA SECURITIES LIMITED,SELL,1000000.0,95.0,-,bulk
08-OCT-2026,GSMFOILS,GSM Foils Limited,HI GROWTH CORPORATE SERVICES PVT LTD,SELL,68500.0,63.96,-,bulk
08-OCT-2026,HTEL,Hy-Tech Engineers Limited,MATHISYS QUANTCAP LLP,SELL,727353.0,97.32,-,bulk
08-OCT-2026,HTEL,Hy-Tech Engineers Limited,HRTI PRIVATE LIMITED,SELL,1978007.0,96.77,-,bulk
08-OCT-2026,HTEL,Hy-Tech Engineers Limited,JUNOMONETA FINSOL PRIVATE LIMITED,SELL,2205969.0,97.62,-,bulk
08-OCT-2026,HTEL,Hy-Tech Engineers Limited,PLUTUS WEALTH MANAGEMENT LLP,SELL,516735.0,97.3,-,bulk
08-OCT-2026,HTEL,Hy-Tech Engineers Limited,MICROCURVES TRADING PRIVATE LIMITED,SELL,1525957.0,98.0,-,bulk
08-OCT-2026,HTEL,Hy-Tech Engineers Limited,QE SECURITIES LLP,SELL,1836875.0,96.79,-,bulk
08-OCT-2026,HTEL,Hy-Tech Engineers Limited,SILVERLEAF CAPITAL SERVICES PRIVATE LIMITED,SELL,608389.0,96.49,-,bulk
08-OCT-2026,HTEL,Hy-Tech Engineers Limited,J4S FINANCIAL SOLUTIONS LLP,SELL,790746.0,97.42,-,bulk
08-OCT-2026,HTEL,Hy-Tech Engineers Limited,NK SECURITIES RESEARCH PRIVATE LIMITED,SELL,1150866.0,98.52,-,bulk
08-OCT-2026,HTEL,Hy-Tech Engineers Limited,ALPHAGREP SECURITIES PRIVATE LIMITED,SELL,2423953.0,96.95,-,bulk
08-OCT-2026,HTEL,Hy-Tech Engineers Limited,IRAGE BROKING SERVICES LLP,SELL,956511.0,97.77,-,bulk
08-OCT-2026,HTEL,Hy-Tech Engineers Limited,VINSUL MAKARDI LTD,SELL,741221.0,97.9,-,bulk
08-OCT-2026,ICELCO,IC Electricals Company L,PINE OAK GLOBAL FUND - CLASS B,SELL,102000.0,115.0,-,bulk
08-OCT-2026,ICELCO,IC Electricals Company L,EVERMORE SHARE BROKING PRIVATE LIMITED,SELL,6000.0,117.37,-,bulk
08-OCT-2026,INDGN,Indegene Limited,PIONEER INVESTMENT FUND SCHEME II,SELL,2018426.0,590.0,-,bulk
08-OCT-2026,INOXGREEN,Inox Green Energy Ser Ltd,SAPPHIRE  INTREX LIMITED,SELL,2580000.0,113.04,-,bulk
08-OCT-2026,INOXGREEN,Inox Green Energy Ser Ltd,SETU SECURITIES PVT LTD,SELL,1319809.0,111.86,-,bulk
08-OCT-2026,INOXGREEN,Inox Green Energy Ser Ltd,ABHISHEK KHAITAN,SELL,3585000.0,112.28,-,bulk
08-OCT-2026,INOXGREEN,Inox Green Energy Ser Ltd,HRTI PRIVATE LIMITED,SELL,1583271.0,114.76,-,bulk
08-OCT-2026,JAIPURKURT,Nandani Creation Limited,AMIT KUMAR JAIN,SELL,126641.0,34.13,-,bulk
08-OCT-2026,JSIPL,Jindal Supreme (India) L,BLITZQUANT RESEARCH LLP,SELL,282349.0,195.0,-,bulk
08-OCT-2026,JSIPL,Jindal Supreme (India) L,NEO APEX SHARE BROKING SERVICES LLP,SELL,264708.0,211.48,-,bulk
08-OCT-2026,JSIPL,Jindal Supreme (India) L,IRAGE BROKING SERVICES LLP,SELL,307666.0,192.43,-,bulk
08-OCT-2026,JSIPL,Jindal Supreme (India) L,ASHWIN STOCKS AND INVESTMENT PRIVATE LIMITED,SELL,310374.0,194.12,-,bulk
08-OCT-2026,JSIPL,Jindal Supreme (India) L,MANSI SHARE AND STOCK BROKING PRIVATE LIMITED,SELL,367062.0,210.91,-,bulk
08-OCT-2026,JSIPL,Jindal Supreme (India) L,NK SECURITIES RESEARCH PRIVATE LIMITED,SELL,329606.0,193.95,-,bulk
08-OCT-2026,JSIPL,Jindal Supreme (India) L,HRTI PRIVATE LIMITED,SELL,260875.0,190.15,-,bulk
08-OCT-2026,KAJARIACER,Kajaria Ceramics Ltd,PIONEER INVESTMENT FUND SCHEME II,SELL,1128464.0,1211.0,-,bulk
08-OCT-2026,KANOHAR,Kanohar Electricals Ltd,JUMP TRADING FINANCIAL INDIA PRIVATE LIMITED,SELL,509595.0,1113.02,-,bulk
08-OCT-2026,KANOHAR,Kanohar Electricals Ltd,JUNOMONETA FINSOL PRIVATE LIMITED,SELL,458599.0,1138.67,-,bulk
08-OCT-2026,KANOHAR,Kanohar Electricals Ltd,PLUTUS WEALTH MANAGEMENT LLP,SELL,865813.0,1138.8,-,bulk
08-OCT-2026,KANOHAR,Kanohar Electricals Ltd,QE SECURITIES LLP,SELL,1116687.0,1132.08,-,bulk
08-OCT-2026,KANOHAR,Kanohar Electricals Ltd,ELIXIR WEALTH MANAGEMENT PRIVATE LIMITED,SELL,434843.0,1152.86,-,bulk
08-OCT-2026,KANOHAR,Kanohar Electricals Ltd,ALPHAGREP SECURITIES PRIVATE LIMITED,SELL,752695.0,1133.33,-,bulk
08-OCT-2026,KANOHAR,Kanohar Electricals Ltd,HRTI PRIVATE LIMITED,SELL,610328.0,1134.71,-,bulk
08-OCT-2026,KANOHAR,Kanohar Electricals Ltd,MICROCURVES TRADING PRIVATE LIMITED,SELL,431708.0,1152.28,-,bulk
08-OCT-2026,MOBIKWIK,One Mobikwik Systems Ltd,PLUTUS WEALTH MANAGEMENT LLP,SELL,641562.0,240.6,-,bulk
08-OCT-2026,MOBIKWIK,One Mobikwik Systems Ltd,ALPHAGREP SECURITIES PRIVATE LIMITED,SELL,673607.0,240.13,-,bulk
08-OCT-2026,MOBIKWIK,One Mobikwik Systems Ltd,HRTI PRIVATE LIMITED,SELL,975466.0,241.24,-,bulk
08-OCT-2026,MOBIKWIK,One Mobikwik Systems Ltd,QE SECURITIES LLP,SELL,1054107.0,241.2,-,bulk
08-OCT-2026,MONEYVIEW,Moneyview Limited,ALPHAGREP SECURITIES PRIVATE LIMITED,SELL,15286484.0,60.52,-,bulk
08-OCT-2026,MONEYVIEW,Moneyview Limited,MICROCURVES TRADING PRIVATE LIMITED,SELL,12220799.0,59.99,-,bulk
08-OCT-2026,MONEYVIEW,Moneyview Limited,JUMP TRADING FINANCIAL INDIA PRIVATE LIMITED,SELL,15456742.0,60.96,-,bulk
08-OCT-2026,MONEYVIEW,Moneyview Limited,PLUTUS WEALTH MANAGEMENT LLP,SELL,14240993.0,61.09,-,bulk
08-OCT-2026,NITYAS,Nityas Gems N Jewellery L,ACCOR GROWTH FUND-SERIES I,SELL,632399.0,80.0,-,bulk
08-OCT-2026,NITYAS,Nityas Gems N Jewellery L,VISIONARY CAPITAL APPRECIATION FUND,SELL,531268.0,80.0,-,bulk
08-OCT-2026,PARTY-RE,Party Cruisers Ltd,SOWJANYA LATHA SANDA,SELL,27556.0,0.4,-,bulk
08-OCT-2026,PARTY-RE,Party Cruisers Ltd,KRISHNA KUMAR,SELL,33200.0,0.35,-,bulk
08-OCT-2026,PARTY-RE,Party Cruisers Ltd,KAILASH R KABRA HUF,SELL,49800.0,0.32,-,bulk
08-OCT-2026,PARTY-RE,Party Cruisers Ltd,SUMITRA KANWAR,SELL,16600.0,0.35,-,bulk
08-OCT-2026,PARTY-RE,Party Cruisers Ltd,N J SHARES & SECURITIES PVT.LTD.,SELL,20086.0,0.4,-,bulk
08-OCT-2026,PARTY-RE,Party Cruisers Ltd,PARTHIBAN  RAMAMOORTHY,SELL,101592.0,0.4,-,bulk
08-OCT-2026,PARTY-RE,Party Cruisers Ltd,MADHU KAILASH KABRA,SELL,19920.0,0.35,-,bulk
08-OCT-2026,PARTY-RE,Party Cruisers Ltd,MINAL BIRLA,SELL,49800.0,0.4,-,bulk
08-OCT-2026,PARTY-RE,Party Cruisers Ltd,KHANDE NAGNATH GANESH,SELL,17762.0,0.35,-,bulk
08-OCT-2026,PCJEWELLER,PC Jeweller Ltd,JUMP TRADING FINANCIAL INDIA PRIVATE LIMITED,SELL,67388003.0,13.94,-,bulk
08-OCT-2026,PCJEWELLER,PC Jeweller Ltd,HRTI PRIVATE LIMITED,SELL,47292397.0,13.97,-,bulk
08-OCT-2026,PNGSREVA,PNGS Reva Diamond Jewel L,QE SECURITIES LLP,SELL,536239.0,696.45,-,bulk
08-OCT-2026,PNGSREVA,PNGS Reva Diamond Jewel L,JUNOMONETA FINSOL PRIVATE LIMITED,SELL,420618.0,700.7,-,bulk
08-OCT-2026,PNGSREVA,PNGS Reva Diamond Jewel L,MICROCURVES TRADING PRIVATE LIMITED,SELL,598431.0,705.91,-,bulk
08-OCT-2026,PNGSREVA,PNGS Reva Diamond Jewel L,BLITZQUANT RESEARCH LLP,SELL,185271.0,710.19,-,bulk
08-OCT-2026,PNGSREVA,PNGS Reva Diamond Jewel L,VINSUL MAKARDI LTD,SELL,173324.0,699.7,-,bulk
08-OCT-2026,PNGSREVA,PNGS Reva Diamond Jewel L,J4S FINANCIAL SOLUTIONS LLP,SELL,174254.0,696.92,-,bulk
08-OCT-2026,PNGSREVA,PNGS Reva Diamond Jewel L,NK SECURITIES RESEARCH PRIVATE LIMITED,SELL,481028.0,705.22,-,bulk
08-OCT-2026,PNGSREVA,PNGS Reva Diamond Jewel L,ALPHAGREP SECURITIES PRIVATE LIMITED,SELL,827310.0,699.87,-,bulk
08-OCT-2026,PNGSREVA,PNGS Reva Diamond Jewel L,IRAGE BROKING SERVICES LLP,SELL,229810.0,702.65,-,bulk
08-OCT-2026,RATNAVEER,Ratnaveer Precision Eng L,ARIHANT CAPITAL MARKETS LIMITED,SELL,446216.0,335.19,-,bulk
08-OCT-2026,RATNAVEER,Ratnaveer Precision Eng L,THAKKAR NILESHKUMAR FARSHURAM HUF,SELL,100000.0,331.6,-,bulk
08-OCT-2026,RHETAN,Rhetan TMT Limited,JAGID VANITABEN RAJENDRAPRASAD,SELL,5667754.0,18.27,-,bulk
08-OCT-2026,SENCO,Senco Gold Limited,MICROCURVES TRADING PRIVATE LIMITED,SELL,1668128.0,344.57,-,bulk
08-OCT-2026,SENCO,Senco Gold Limited,IRAGE BROKING SERVICES LLP,SELL,802649.0,346.46,-,bulk
08-OCT-2026,SENCO,Senco Gold Limited,QE SECURITIES LLP,SELL,1071209.0,345.81,-,bulk
08-OCT-2026,SENCO,Senco Gold Limited,ALPHAGREP SECURITIES PRIVATE LIMITED,SELL,1650203.0,345.88,-,bulk
08-OCT-2026,SENCO,Senco Gold Limited,NK SECURITIES RESEARCH PRIVATE LIMITED,SELL,879688.0,348.57,-,bulk
08-OCT-2026,SENCO,Senco Gold Limited,JUNOMONETA FINSOL PRIVATE LIMITED,SELL,943147.0,345.13,-,bulk
08-OCT-2026,SHANTIGOLD,Shanti Gold Internation L,HRTI PRIVATE LIMITED,SELL,280471.0,348.02,-,bulk
08-OCT-2026,SWASTIKAIN,Swastika Infra Limited,WEALTH 4 U HOSPITALITY CONSULTANCY PRIVATE LIMITED,SELL,198646.0,220.63,-,bulk
08-OCT-2026,ICICIBANK,ICICI Bank Ltd.,PI OPPORTUNITIES AIF V LLP,BUY,1921581.0,1343.0,,block
08-OCT-2026,INDGN,Indegene Limited,PI OPPORTUNITIES AIF V LLP,BUY,2018426.0,590.0,,block
08-OCT-2026,KAJARIACER,Kajaria Ceramics Ltd,PI OPPORTUNITIES AIF V LLP,BUY,1128464.0,1211.0,,block
08-OCT-2026,RELIANCE,Reliance Industries Ltd,PI OPPORTUNITIES AIF V LLP,BUY,2040212.0,1176.0,,block
08-OCT-2026,SBILIFE,SBI Life Insurance Co Ltd,PI OPPORTUNITIES AIF V LLP,BUY,642153.0,1671.0,,block
08-OCT-2026,ICICIBANK,ICICI Bank Ltd.,PIONEER INVESTMENT FUND SCHEME II,SELL,1921581.0,1343.0,,block
08-OCT-2026,INDGN,Indegene Limited,PIONEER INVESTMENT FUND SCHEME II,SELL,2018426.0,590.0,,block
08-OCT-2026,KAJARIACER,Kajaria Ceramics Ltd,PIONEER INVESTMENT FUND SCHEME II,SELL,1128464.0,1211.0,,block
08-OCT-2026,RELIANCE,Reliance Industries Ltd,PIONEER INVESTMENT FUND SCHEME II,SELL,2040212.0,1176.0,,block
08-OCT-2026,SBILIFE,SBI Life Insurance Co Ltd,PIONEER INVESTMENT FUND SCHEME II,SELL,642153.0,1671.0,,block
09-OCT-2026,ACEVECTOR,AceVector Limited,JUMP TRADING FINANCIAL INDIA PRIVATE LIMITED,BUY,2362529.0,30.45,-,bulk
09-OCT-2026,ACEVECTOR,AceVector Limited,QE SECURITIES LLP,BUY,2527849.0,30.28,-,bulk
09-OCT-2026,ACEVECTOR,AceVector Limited,MATHISYS QUANTCAP LLP,BUY,3418489.0,30.42,-,bulk
09-OCT-2026,ADROITIND,Adroit Industries (I) Ltd,PRIJAL TRADEFIN LLP,BUY,268700.0,201.95,-,bulk
09-OCT-2026,AQYLON,Aqylon Nexus Limited,MOHAMED IRFAN MOHAMED LATIF SHAIKH,BUY,2473659.0,15.75,-,bulk
09-OCT-2026,ARFIN,Arfin India Limited,BULLPULSE MARKETEDGE PRIVATE LIMITED,BUY,919253.0,109.62,-,bulk
09-OCT-2026,ARIS,Arisinfra Solutions Ltd,VAIBHAV RAJENDRA DOSHI,BUY,499739.0,142.1,-,bulk
09-OCT-2026,AWFIS,Awfis Space Solutions Ltd,KRITAGYATA TRUST,BUY,1150000.0,244.97,-,bulk
09-OCT-2026,BAGDIGITAL,B.A.G.Convergence Limited,ACME CAPITAL MARKET LIMITED,BUY,268800.0,114.66,-,bulk
09-OCT-2026,DEEPA,Deepa Jewellers Limited,QE SECURITIES LLP,BUY,590496.0,239.78,-,bulk
09-OCT-2026,EMPOWER,Empower India Ltd.,SHARE INDIA SECURITIES LIMITED,BUY,7214075.0,1.91,-,bulk
09-OCT-2026,FASCINATE,Fascinate Textiles Ltd,VBCUBE VENTURES FUND II,BUY,74400.0,93.05,-,bulk
09-OCT-2026,GENSOL,Gensol Engineering Ltd,RAOSAHEB PATILBA THANGE,BUY,440046.0,10.64,-,bulk
09-OCT-2026,GSMFOILS,GSM Foils Limited,HI GROWTH CORPORATE SERVICES PVT LTD,BUY,73000.0,61.18,-,bulk
09-OCT-2026,HTEL,Hy-Tech Engineers Limited,HRTI PRIVATE LIMITED,BUY,395174.0,91.1,-,bulk
09-OCT-2026,INOXGREEN,Inox Green Energy Ser Ltd,JUNOMONETA FINSOL PRIVATE LIMITED,BUY,3240654.0,128.08,-,bulk
09-OCT-2026,INOXGREEN,Inox Green Energy Ser Ltd,MICROCURVES TRADING PRIVATE LIMITED,BUY,2617247.0,129.25,-,bulk
09-OCT-2026,INOXGREEN,Inox Green Energy Ser Ltd,ALPHAGREP SECURITIES PRIVATE LIMITED,BUY,3869451.0,127.53,-,bulk
09-OCT-2026,JSIPL,Jindal Supreme (India) L,IRAGE BROKING SERVICES LLP,BUY,115456.0,167.17,-,bulk
09-OCT-2026,JSIPL,Jindal Supreme (India) L,SSPL SECURITIES PRIVATE LIMITED,BUY,429363.0,170.42,-,bulk
09-OCT-2026,KANOHAR,Kanohar Electricals Ltd,PLUTUS WEALTH MANAGEMENT LLP,BUY,401773.0,1131.68,-,bulk
09-OCT-2026,KANOHAR,Kanohar Electricals Ltd,HRTI PRIVATE LIMITED,BUY,471512.0,1128.23,-,bulk
09-OCT-2026,KANOHAR,Kanohar Electricals Ltd,QE SECURITIES LLP,BUY,489294.0,1128.21,-,bulk
09-OCT-2026,KANOHAR,Kanohar Electricals Ltd,JUMP TRADING FINANCIAL INDIA PRIVATE LIMITED,BUY,455775.0,1131.23,-,bulk
09-OCT-2026,KKJEWELS,Kabra Jewels Limited,ANKITA VISHAL SHAH,BUY,80000.0,111.48,-,bulk
09-OCT-2026,KSHITIJPOL,Kshitij Polyline Limited,BHAVISHYA ECOMMERCE PRIVATE LIMITED,BUY,1203440.0,3.5,-,bulk
09-OCT-2026,MARSONS,Marsons Limited,ARIHANT CAPITAL MARKETS LIMITED,BUY,1384589.0,132.4,-,bulk
09-OCT-2026,MOBIKWIK,One Mobikwik Systems Ltd,JUMP TRADING FINANCIAL INDIA PRIVATE LIMITED,BUY,528243.0,255.73,-,bulk
09-OCT-2026,MOBIKWIK,One Mobikwik Systems Ltd,QE SECURITIES LLP,BUY,1450341.0,255.69,-,bulk
09-OCT-2026,MOBIKWIK,One Mobikwik Systems Ltd,HRTI PRIVATE LIMITED,BUY,1779168.0,254.18,-,bulk
09-OCT-2026,MOBIKWIK,One Mobikwik Systems Ltd,NK SECURITIES RESEARCH PRIVATE LIMITED,BUY,553091.0,256.69,-,bulk
09-OCT-2026,MOBIKWIK,One Mobikwik Systems Ltd,JUNOMONETA FINSOL PRIVATE LIMITED,BUY,746131.0,256.13,-,bulk
09-OCT-2026,MOBIKWIK,One Mobikwik Systems Ltd,MUSIGMA SECURITIES,BUY,616169.0,256.4,-,bulk
09-OCT-2026,MOBIKWIK,One Mobikwik Systems Ltd,PLUTUS WEALTH MANAGEMENT LLP,BUY,1298082.0,255.49,-,bulk
09-OCT-2026,MOBIKWIK,One Mobikwik Systems Ltd,MICROCURVES TRADING PRIVATE LIMITED,BUY,490365.0,255.32,-,bulk
09-OCT-2026,MONEYVIEW,Moneyview Limited,PLUTUS WEALTH MANAGEMENT LLP,BUY,15257999.0,59.97,-,bulk
09-OCT-2026,MONEYVIEW,Moneyview Limited,JUMP TRADING FINANCIAL INDIA PRIVATE LIMITED,BUY,12476438.0,60.39,-,bulk
09-OCT-2026,MONEYVIEW,Moneyview Limited,QE SECURITIES LLP,BUY,9694418.0,59.93,-,bulk
09-OCT-2026,MONEYVIEW,Moneyview Limited,JUNOMONETA FINSOL PRIVATE LIMITED,BUY,10005117.0,60.75,-,bulk
09-OCT-2026,MONEYVIEW,Moneyview Limited,NK SECURITIES RESEARCH PRIVATE LIMITED,BUY,11907309.0,61.29,-,bulk
09-OCT-2026,MONEYVIEW,Moneyview Limited,ALPHAGREP SECURITIES PRIVATE LIMITED,BUY,16987400.0,60.53,-,bulk
09-OCT-2026,MONEYVIEW,Moneyview Limited,MICROCURVES TRADING PRIVATE LIMITED,BUY,19124264.0,60.57,-,bulk
09-OCT-2026,MVELECTRO,MV Electrosystems Limited,QE SECURITIES LLP,BUY,151881.0,881.14,-,bulk
09-OCT-2026,MVELECTRO,MV Electrosystems Limited,HRTI PRIVATE LIMITED,BUY,115622.0,881.8,-,bulk
09-OCT-2026,PCJEWELLER,PC Jeweller Ltd,JUMP TRADING FINANCIAL INDIA PRIVATE LIMITED,BUY,58687956.0,14.59,-,bulk
09-OCT-2026,PCJEWELLER,PC Jeweller Ltd,HRTI PRIVATE LIMITED,BUY,54096492.0,14.64,-,bulk
09-OCT-2026,PNGSREVA,PNGS Reva Diamond Jewel L,QE SECURITIES LLP,BUY,205441.0,689.95,-,bulk
09-OCT-2026,PNGSREVA,PNGS Reva Diamond Jewel L,ALPHAGREP SECURITIES PRIVATE LIMITED,BUY,160006.0,691.05,-,bulk
09-OCT-2026,PRANAV,Pranav Constructions Ltd,JYOTHI KAILASH KABRA,BUY,900283.0,97.61,-,bulk
09-OCT-2026,RATNAVEER,Ratnaveer Precision Eng L,ARIHANT CAPITAL MARKETS LIMITED,BUY,878715.0,342.79,-,bulk
09-OCT-2026,RSYSTEMS,R Systems International L,QE SECURITIES LLP,BUY,1082671.0,272.71,-,bulk
09-OCT-2026,RSYSTEMS,R Systems International L,ALPHAGREP SECURITIES PRIVATE LIMITED,BUY,630149.0,271.26,-,bulk
09-OCT-2026,RSYSTEMS,R Systems International L,JUNOMONETA FINSOL PRIVATE LIMITED,BUY,1237714.0,273.62,-,bulk
09-OCT-2026,RSYSTEMS,R Systems International L,HRTI PRIVATE LIMITED,BUY,1308482.0,273.21,-,bulk
09-OCT-2026,RSYSTEMS,R Systems International L,PLUTUS WEALTH MANAGEMENT LLP,BUY,1042734.0,272.58,-,bulk
09-OCT-2026,RSYSTEMS,R Systems International L,MICROCURVES TRADING PRIVATE LIMITED,BUY,1145408.0,273.52,-,bulk
09-OCT-2026,RSYSTEMS,R Systems International L,NK SECURITIES RESEARCH PRIVATE LIMITED,BUY,866072.0,272.76,-,bulk
09-OCT-2026,SHAHINVEST,Shah Investors Home Ltd,NEO APEX SHARE BROKING SERVICES LLP,BUY,150000.0,150.56,-,bulk
09-OCT-2026,SHANTIGOLD,Shanti Gold Internation L,HRTI PRIVATE LIMITED,BUY,449778.0,372.72,-,bulk
09-OCT-2026,SHANTIGOLD,Shanti Gold Internation L,QE SECURITIES LLP,BUY,491948.0,374.39,-,bulk
09-OCT-2026,SHANTIGOLD,Shanti Gold Internation L,ALPHAGREP SECURITIES PRIVATE LIMITED,BUY,491360.0,376.47,-,bulk
09-OCT-2026,SMCGLOBAL,SMC Global Securities Ltd,VINSUL MAKARDI LTD,BUY,1347756.0,118.57,-,bulk
09-OCT-2026,SMCGLOBAL,SMC Global Securities Ltd,PUMA SECURITIES,BUY,1693745.0,118.32,-,bulk
09-OCT-2026,SMCGLOBAL,SMC Global Securities Ltd,J4S FINANCIAL SOLUTIONS LLP,BUY,1498576.0,118.32,-,bulk
09-OCT-2026,SMCGLOBAL,SMC Global Securities Ltd,HRTI PRIVATE LIMITED,BUY,3043518.0,118.19,-,bulk
09-OCT-2026,SMCGLOBAL,SMC Global Securities Ltd,NK SECURITIES RESEARCH PRIVATE LIMITED,BUY,2974141.0,119.12,-,bulk
09-OCT-2026,SMCGLOBAL,SMC Global Securities Ltd,QE SECURITIES LLP,BUY,2218210.0,118.47,-,bulk
09-OCT-2026,SMCGLOBAL,SMC Global Securities Ltd,BLITZQUANT RESEARCH LLP,BUY,1363815.0,119.2,-,bulk
09-OCT-2026,SMCGLOBAL,SMC Global Securities Ltd,IRAGE BROKING SERVICES LLP,BUY,1270046.0,119.05,-,bulk
09-OCT-2026,SMCGLOBAL,SMC Global Securities Ltd,MICROCURVES TRADING PRIVATE LIMITED,BUY,2751896.0,118.64,-,bulk
09-OCT-2026,SMCGLOBAL,SMC Global Securities Ltd,ARIHANT CAPITAL MARKETS LIMITED,BUY,3589350.0,118.6,-,bulk
09-OCT-2026,SMCGLOBAL,SMC Global Securities Ltd,JUNOMONETA FINSOL PRIVATE LIMITED,BUY,4750934.0,118.48,-,bulk
09-OCT-2026,STEAMHOUSE,Steamhouse India Limited,NIKUNJ SHAH,BUY,1773949.0,132.11,-,bulk
09-OCT-2026,TARAPUR,Tarapur Transformers Ltd,AMIT KUMAR JAIN,BUY,139602.0,16.58,-,bulk
09-OCT-2026,TFCILTD,Tourism Finance Corp,SHARE INDIA SECURITIES LIMITED,BUY,3544960.0,146.94,-,bulk
09-OCT-2026,VGCL,Vibrant Global Capital L,PARTHIV ASHISH MEHTA,BUY,240000.0,50.0,-,bulk
09-OCT-2026,AAATECH,AAA Technologies Limited,MGO HIGH CONVICTION FUND INCORPORATED VCC SUB-FUND,SELL,302000.0,108.06,-,bulk
09-OCT-2026,ACEVECTOR,AceVector Limited,QE SECURITIES LLP,SELL,2830726.0,30.26,-,bulk
09-OCT-2026,ACEVECTOR,AceVector Limited,JUMP TRADING FINANCIAL INDIA PRIVATE LIMITED,SELL,2897981.0,30.6,-,bulk
09-OCT-2026,ACEVECTOR,AceVector Limited,MATHISYS QUANTCAP LLP,SELL,3445093.0,30.35,-,bulk
09-OCT-2026,ADROITIND,Adroit Industries (I) Ltd,PRIJAL TRADEFIN LLP,SELL,143852.0,205.61,-,bulk
09-OCT-2026,AQYLON,Aqylon Nexus Limited,SERA INVESTMENTS & FINANCE INDIA LIMITED,SELL,2500000.0,15.75,-,bulk
09-OCT-2026,ARFIN,Arfin India Limited,BHOLA MOTOR FINANCE PRIVATE LIMITED .,SELL,995071.0,112.5,-,bulk
09-OCT-2026,ARFIN,Arfin India Limited,BULLPULSE MARKETEDGE PRIVATE LIMITED,SELL,934253.0,106.68,-,bulk
09-OCT-2026,ARIS,Arisinfra Solutions Ltd,VAIBHAV RAJENDRA DOSHI,SELL,499739.0,142.11,-,bulk
09-OCT-2026,AWFIS,Awfis Space Solutions Ltd,PEAK XV PARTNERS INVESTMENTS V,SELL,1215493.0,245.0,-,bulk
09-OCT-2026,BAGDIGITAL,B.A.G.Convergence Limited,LOVLESH JAIN,SELL,129600.0,115.0,-,bulk
09-OCT-2026,DEEPA,Deepa Jewellers Limited,QE SECURITIES LLP,SELL,661086.0,239.65,-,bulk
09-OCT-2026,EMPOWER,Empower India Ltd.,SHARE INDIA SECURITIES LIMITED,SELL,7887076.0,1.91,-,bulk
09-OCT-2026,GENSOL,Gensol Engineering Ltd,CATALYST TRUSTEESHIP LIMITED,SELL,582101.0,10.64,-,bulk
09-OCT-2026,GSMFOILS,GSM Foils Limited,HI GROWTH CORPORATE SERVICES PVT LTD,SELL,75500.0,62.13,-,bulk
09-OCT-2026,GSPLTRANS,GSPL Transmission Limited,NORGES BANK ON ACCOUNT OF THE GOVERNMENT PENSION FUND GLOBAL,SELL,1998304.0,106.23,-,bulk
09-OCT-2026,HTEL,Hy-Tech Engineers Limited,HRTI PRIVATE LIMITED,SELL,532589.0,91.37,-,bulk
09-OCT-2026,ICELCO,IC Electricals Company L,HEM GROWTH OPPORTUNITIES FUND,SELL,105600.0,114.35,-,bulk
09-OCT-2026,INOXGREEN,Inox Green Energy Ser Ltd,ALPHAGREP SECURITIES PRIVATE LIMITED,SELL,3869451.0,127.59,-,bulk
09-OCT-2026,INOXGREEN,Inox Green Energy Ser Ltd,MICROCURVES TRADING PRIVATE LIMITED,SELL,2617247.0,129.33,-,bulk
09-OCT-2026,INOXGREEN,Inox Green Energy Ser Ltd,JUNOMONETA FINSOL PRIVATE LIMITED,SELL,3202239.0,128.16,-,bulk
09-OCT-2026,JSIPL,Jindal Supreme (India) L,IRAGE BROKING SERVICES LLP,SELL,273926.0,165.13,-,bulk
09-OCT-2026,JYOTIGLOBL,Jyoti Global Plast Ltd,VIRADIA RAMESH RAMJIBHAI,SELL,112000.0,36.14,-,bulk
09-OCT-2026,KANOHAR,Kanohar Electricals Ltd,QE SECURITIES LLP,SELL,485336.0,1129.81,-,bulk
09-OCT-2026,KANOHAR,Kanohar Electricals Ltd,HRTI PRIVATE LIMITED,SELL,417859.0,1129.23,-,bulk
09-OCT-2026,KANOHAR,Kanohar Electricals Ltd,PLUTUS WEALTH MANAGEMENT LLP,SELL,401773.0,1132.35,-,bulk
09-OCT-2026,KANOHAR,Kanohar Electricals Ltd,JUMP TRADING FINANCIAL INDIA PRIVATE LIMITED,SELL,455775.0,1134.05,-,bulk
09-OCT-2026,KKJEWELS,Kabra Jewels Limited,ANKITA VISHAL SHAH,SELL,56000.0,109.97,-,bulk
09-OCT-2026,KSHITIJPOL,Kshitij Polyline Limited,BHAVISHYA ECOMMERCE PRIVATE LIMITED,SELL,223423.0,3.51,-,bulk
09-OCT-2026,MARSONS,Marsons Limited,ARIHANT CAPITAL MARKETS LIMITED,SELL,1381589.0,133.15,-,bulk
09-OCT-2026,MOBIKWIK,One Mobikwik Systems Ltd,PLUTUS WEALTH MANAGEMENT LLP,SELL,1298082.0,255.62,-,bulk
09-OCT-2026,MOBIKWIK,One Mobikwik Systems Ltd,MICROCURVES TRADING PRIVATE LIMITED,SELL,490365.0,255.57,-,bulk
09-OCT-2026,MOBIKWIK,One Mobikwik Systems Ltd,MUSIGMA SECURITIES,SELL,616169.0,256.43,-,bulk
09-OCT-2026,MOBIKWIK,One Mobikwik Systems Ltd,NK SECURITIES RESEARCH PRIVATE LIMITED,SELL,553091.0,256.81,-,bulk
09-OCT-2026,MOBIKWIK,One Mobikwik Systems Ltd,QE SECURITIES LLP,SELL,1446781.0,256.09,-,bulk
09-OCT-2026,MOBIKWIK,One Mobikwik Systems Ltd,HRTI PRIVATE LIMITED,SELL,1666786.0,255.26,-,bulk
09-OCT-2026,MOBIKWIK,One Mobikwik Systems Ltd,JUMP TRADING FINANCIAL INDIA PRIVATE LIMITED,SELL,528243.0,255.8,-,bulk
09-OCT-2026,MOBIKWIK,One Mobikwik Systems Ltd,JUNOMONETA FINSOL PRIVATE LIMITED,SELL,741613.0,256.21,-,bulk
09-OCT-2026,MONEYVIEW,Moneyview Limited,JUNOMONETA FINSOL PRIVATE LIMITED,SELL,10007214.0,60.79,-,bulk
09-OCT-2026,MONEYVIEW,Moneyview Limited,PLUTUS WEALTH MANAGEMENT LLP,SELL,15257999.0,59.99,-,bulk
09-OCT-2026,MONEYVIEW,Moneyview Limited,JUMP TRADING FINANCIAL INDIA PRIVATE LIMITED,SELL,12476438.0,58.7,-,bulk
09-OCT-2026,MONEYVIEW,Moneyview Limited,QE SECURITIES LLP,SELL,10531540.0,60.25,-,bulk
09-OCT-2026,MONEYVIEW,Moneyview Limited,ALPHAGREP SECURITIES PRIVATE LIMITED,SELL,16987400.0,60.59,-,bulk
09-OCT-2026,MONEYVIEW,Moneyview Limited,NK SECURITIES RESEARCH PRIVATE LIMITED,SELL,11907309.0,61.31,-,bulk
09-OCT-2026,MONEYVIEW,Moneyview Limited,MICROCURVES TRADING PRIVATE LIMITED,SELL,19124264.0,60.61,-,bulk
09-OCT-2026,MVELECTRO,MV Electrosystems Limited,QE SECURITIES LLP,SELL,146980.0,881.96,-,bulk
09-OCT-2026,MVELECTRO,MV Electrosystems Limited,HRTI PRIVATE LIMITED,SELL,138585.0,882.03,-,bulk
09-OCT-2026,PCJEWELLER,PC Jeweller Ltd,HRTI PRIVATE LIMITED,SELL,47276892.0,14.53,-,bulk
09-OCT-2026,PCJEWELLER,PC Jeweller Ltd,JUMP TRADING FINANCIAL INDIA PRIVATE LIMITED,SELL,58687956.0,14.53,-,bulk
09-OCT-2026,PNGSREVA,PNGS Reva Diamond Jewel L,ALPHAGREP SECURITIES PRIVATE LIMITED,SELL,160006.0,691.84,-,bulk
09-OCT-2026,PNGSREVA,PNGS Reva Diamond Jewel L,QE SECURITIES LLP,SELL,203449.0,694.04,-,bulk
09-OCT-2026,PRANAV,Pranav Constructions Ltd,JYOTHI KAILASH KABRA,SELL,900283.0,97.68,-,bulk
09-OCT-2026,RATNAVEER,Ratnaveer Precision Eng L,ARIHANT CAPITAL MARKETS LIMITED,SELL,878715.0,343.87,-,bulk
09-OCT-2026,RSYSTEMS,R Systems International L,ALPHAGREP SECURITIES PRIVATE LIMITED,SELL,630149.0,271.25,-,bulk
09-OCT-2026,RSYSTEMS,R Systems International L,QE SECURITIES LLP,SELL,1076676.0,272.06,-,bulk
09-OCT-2026,RSYSTEMS,R Systems International L,MICROCURVES TRADING PRIVATE LIMITED,SELL,1145408.0,273.73,-,bulk
09-OCT-2026,RSYSTEMS,R Systems International L,JUNOMONETA FINSOL PRIVATE LIMITED,SELL,1204857.0,273.71,-,bulk
09-OCT-2026,RSYSTEMS,R Systems International L,PLUTUS WEALTH MANAGEMENT LLP,SELL,1042734.0,272.71,-,bulk
09-OCT-2026,RSYSTEMS,R Systems International L,HRTI PRIVATE LIMITED,SELL,1215518.0,272.96,-,bulk
09-OCT-2026,RSYSTEMS,R Systems International L,NK SECURITIES RESEARCH PRIVATE LIMITED,SELL,866072.0,272.85,-,bulk
09-OCT-2026,SBC,SBC Exports Limited,FROXY INTERNATIONAL LLP,SELL,3976287.0,62.27,-,bulk
09-OCT-2026,SHANTIGOLD,Shanti Gold Internation L,HRTI PRIVATE LIMITED,SELL,418175.0,374.93,-,bulk
09-OCT-2026,SHANTIGOLD,Shanti Gold Internation L,QE SECURITIES LLP,SELL,499971.0,373.33,-,bulk
09-OCT-2026,SHANTIGOLD,Shanti Gold Internation L,ALPHAGREP SECURITIES PRIVATE LIMITED,SELL,491360.0,376.62,-,bulk
09-OCT-2026,SMCGLOBAL,SMC Global Securities Ltd,BLITZQUANT RESEARCH LLP,SELL,1363815.0,119.25,-,bulk
09-OCT-2026,SMCGLOBAL,SMC Global Securities Ltd,NK SECURITIES RESEARCH PRIVATE LIMITED,SELL,2974141.0,119.17,-,bulk
09-OCT-2026,SMCGLOBAL,SMC Global Securities Ltd,HRTI PRIVATE LIMITED,SELL,3261888.0,118.48,-,bulk
09-OCT-2026,SMCGLOBAL,SMC Global Securities Ltd,J4S FINANCIAL SOLUTIONS LLP,SELL,1498576.0,118.4,-,bulk
09-OCT-2026,SMCGLOBAL,SMC Global Securities Ltd,IRAGE BROKING SERVICES LLP,SELL,1243836.0,118.53,-,bulk
09-OCT-2026,SMCGLOBAL,SMC Global Securities Ltd,JUNOMONETA FINSOL PRIVATE LIMITED,SELL,4712375.0,118.57,-,bulk
09-OCT-2026,SMCGLOBAL,SMC Global Securities Ltd,ARIHANT CAPITAL MARKETS LIMITED,SELL,3560141.0,120.5,-,bulk
09-OCT-2026,SMCGLOBAL,SMC Global Securities Ltd,VINSUL MAKARDI LTD,SELL,1347756.0,118.63,-,bulk
09-OCT-2026,SMCGLOBAL,SMC Global Securities Ltd,PUMA SECURITIES,SELL,1693745.0,118.43,-,bulk
09-OCT-2026,SMCGLOBAL,SMC Global Securities Ltd,MICROCURVES TRADING PRIVATE LIMITED,SELL,2751896.0,118.73,-,bulk
09-OCT-2026,SMCGLOBAL,SMC Global Securities Ltd,QE SECURITIES LLP,SELL,2280299.0,118.65,-,bulk
09-OCT-2026,STEAMHOUSE,Steamhouse India Limited,NIKUNJ SHAH,SELL,1773949.0,132.12,-,bulk
09-OCT-2026,TFCILTD,Tourism Finance Corp,NITN KAPOOR,SELL,2800000.0,146.08,-,bulk
09-OCT-2026,TFCILTD,Tourism Finance Corp,SHARE INDIA SECURITIES LIMITED,SELL,3545163.0,147.19,-,bulk
09-OCT-2026,VGCL,Vibrant Global Capital L,BHAVNA RADHEMOHAN JHUNJHUNWALA,SELL,329181.0,50.0,-,bulk
NO RECORDS,,,,,,,,block
