date,industry,stage
2026-10-08,Commodity Chemicals,base
2026-10-08,Metal Fabrication,base
2026-10-08,Software - Infrastructure,base
2026-10-08,Farm & Heavy Construction Machinery,base
2026-10-08,Defence & Aerospace,base
2026-10-08,Oil & Gas Equipment & Services,base
2026-10-08,Medical Instruments & Supplies,base
2026-10-08,Luxury Goods,quiet
2026-10-08,Precision Engg / Industrial Machinery,quiet
2026-10-08,Resorts & Casinos,quiet
2026-10-08,Banks,quiet
2026-10-08,Capital Markets (Brokers/AMC),quiet
2026-10-08,Waste Management,quiet
2026-10-08,EPC / Construction,quiet
2026-10-08,Electronics & Computer Distribution,quiet
2026-10-08,Entertainment,quiet
2026-10-08,Airports & Air Services,quiet
2026-10-08,Oil & Gas Refining & Marketing,quiet
2026-10-08,Pharma (Generic),quiet
2026-10-08,Electrical Equipment,quiet
2026-10-08,Communication Equipment,quiet
2026-10-08,Marine Shipping,quiet
2026-10-08,Utilities - Renewable,quiet
2026-10-08,Lumber & Wood Production,quiet
2026-10-08,Telecom Services,quiet
2026-10-08,Tobacco,quiet
2026-10-08,Medical Care Facilities,quiet
2026-10-08,Apparel Retail (Showrooms),quiet
2026-10-08,IT Services,quiet
2026-10-08,Lodging,quiet
2026-10-08,Consumer Electronics,quiet
2026-10-08,Household & Personal Products,quiet
2026-10-08,Financial Conglomerates,quiet
2026-10-08,Steel,quiet
2026-10-08,Real Estate - Diversified,quiet
2026-10-08,Rental & Leasing Services,quiet
2026-10-08,Readymade Garments,quiet
2026-10-08,Specialty Business Services,quiet
2026-10-08,Thermal Coal,quiet
2026-10-08,Aluminum,quiet
2026-10-08,Beverages - Wineries & Distilleries,quiet
2026-10-08,Packaging & Containers,quiet
2026-10-08,Specialty Chemicals,quiet
2026-10-08,Education & Training Services,quiet
2026-10-08,Packaged Foods,quiet
2026-10-08,Textiles,quiet
2026-10-08,NBFC,quiet
2026-10-08,Confectioners,quiet
2026-10-08,Real Estate Services,quiet
2026-10-08,Conglomerates,quiet
2026-10-08,Auto Ancillary,quiet
2026-10-08,Mortgage Finance,quiet
2026-10-08,Value Retail / Dept Stores,quiet
2026-10-08,Financial Data & Stock Exchanges,quiet
2026-10-08,Health Information Services,quiet
2026-10-08,Building Products & Equipment,quiet
2026-10-08,Real Estate - Development,quiet
2026-10-08,Internet Retail,quiet
2026-10-08,Biotechnology,quiet
2026-10-08,Auto & Truck Dealerships,quiet
2026-10-08,Auto Manufacturers,quiet
2026-10-08,Insurance - Life,quiet
2026-10-08,Railroads,quiet
2026-10-08,Infrastructure Operations,quiet
2026-10-08,Asset Management,quiet
2026-10-08,"Furnishings, Fixtures & Appliances",quiet
2026-10-08,Computer Hardware,quiet
2026-10-08,Electronic Components,quiet
2026-10-08,Travel Services,quiet
2026-10-08,Solar,quiet
2026-10-08,Building Materials,quiet
2026-10-08,Utilities - Independent Power Producers,quiet
2026-10-08,Copper,quiet
2026-10-08,Software Products,quiet
2026-10-08,Tools & Accessories,quiet
2026-10-08,Integrated Freight & Logistics,quiet
2026-10-08,Utilities - Regulated Gas,quiet
2026-10-08,Utilities - Regulated Electric,quiet
2026-10-08,Drug Manufacturers - General,quiet
2026-10-08,Agrochem & Fertilisers,quiet
2026-10-08,Broadcasting,quiet
2026-10-08,Paper & Paper Products,quiet
2026-10-08,Diagnostics & Research,quiet
2026-10-08,Publishing,quiet
2026-10-08,Other Industrial Metals & Mining,quiet
2026-10-08,Restaurants,quiet
2026-10-08,Business Equipment & Supplies,quiet
2026-10-08,Farm Products,quiet
2026-10-08,Internet Content & Information,quiet
2026-10-08,Staffing & Employment Services,quiet
2026-10-08,Footwear & Accessories,quiet
2026-10-08,Advertising Agencies,quiet
2026-10-08,Oil & Gas E&P,quiet
