Industry,Stocks,Count
Rice (Basmati),"KRBL, LTFOODS, GRMOVER, CLSEL, KOHINOOR, SARVESHWAR",6
Sugar,"BALRAMCHIN, TRIVENI, EIDPARRY, DALBHARAT, DHAMPURSUG, BAJAJHIND, RENUKA, DWARKESH, AVADHSUGAR, MAGADSUGAR, UTTAMSUGAR, KCPSUGIND, DCMSRIND",13
Tea & Coffee,"TATACONSUM, CCL, MCLEODRUSS, JAYSREETEA, ROSSELLIND",5
Edible Oil,"AWL, GOKULAGRO, BCLIND",3
Dairy,"HERITGFOOD, PARAGMILK, DODLA, HATSUN",4
Seafood / Shrimp,"AVANTIFEED, APEX, WATERBASE, COASTCORP",4
Poultry & Feed,"VENKEYS, GODREJAGRO",2
Alcohol (Spirits),"UNITDSPR, RADICO, TI, GLOBUSSPR, SDBL, PICCADIL, ABDL",7
Brewery,UBL,1
Biscuits & Snacks,"BRITANNIA, BIKAJI",2
Seeds & Agri-inputs,"DHANUKA, KNAGRI",2
Fertilisers,"CHAMBLFERT, COROMANDEL, GSFC, GNFC, RCF, NFL, FACT, DEEPAKFERT, PARADEEP, MANGCHEFER, ZUARI",11
Agrochemicals,"PIIND, UPL, BAYERCROP, SUMICHEM, RALLIS, DHANUKA, INSECTICID, BHARATRAS, ASTEC, HERANBA",10
Tobacco,"ITC, GODFRYPHLP, VSTIND",3
Oleochemicals / Surfactants,"FINEORG, GALAXYSURF, GODREJIND",3
Fluorochemicals,"SRF, NAVINFLUOR, FLUOROCHEM",3
Speciality Pigments & Dyes,"SUDARSCHEM, BODALCHEM, ASAHISONG, KIRIINDUS",4
Specialty Chem (Custom Synthesis/CDMO),"PIIND, NAVINFLUOR, AARTIIND, ANURAS, NEOGEN, CLEAN, TATVA, AETHER, ROSSARI",9
Phenol / Acetone / Basic Organics,"DEEPAKNTR, DEEPAKFERT",2
Soda Ash / Chlor-Alkali,"TATACHEM, GHCL, DCW, CHEMPLASTS, GUJALKALI, DCMSHRIRAM, NOCIL",7
Rubber Chemicals / Carbon Black,"NOCIL, PCBL",2
Amines / Solvents,"ALKYLAMINE, BALAMINES, AMNPLST",3
Paints,"ASIANPAINT, BERGEPAINT, KANSAINER, INDIGOPNTS, AKZOINDIA, SHALPAINTS",6
Adhesives / Construction Chem,PIDILITIND,1
Explosives,"SOLARINDS, GOCLCORP, PREMEXPLN",3
Petrochem / Polymers,"SPLPETRO, BEPL",2
Hospitals,"APOLLOHOSP, MAXHEALTH, FORTIS, NH, MEDANTA, KIMS, RAINBOW, ASTERDM, YATHARTH, JLHL, SHALBY, KRSNAA",12
Diagnostics,"LALPATHLAB, METROPOLIS, THYROCARE, VIJAYA",4
Pharma (Large),"SUNPHARMA, CIPLA, DRREDDY, LUPIN, ZYDUSLIFE, TORNTPHARM, MANKIND, ALKEM, AUROPHARMA",9
Pharma (Mid/Small),"AJANTPHARM, IPCALAB, GLENMARK, NATCOPHARM, JBCHEPHARM, ERIS, ALEMBICLTD, UNICHEMLAB, INDOCO, MARKSANS, CAPLIPOINT",11
API / Bulk Drugs,"DIVISLAB, LAURUSLABS, GRANULES, SOLARA, AARTIDRUGS, NEULANDLAB, SMSPHARMA, SHILPAMED",8
CDMO / CRO,"SYNGENE, SAILIFE, SUVENPHAR, AKUMS, JUBLPHARMA",5
Medical Devices,"POLYMED, TARSONS, LAXMIDENTL",3
Precision Engineering,"AZAD, MTARTECH, UNIMECH, PARAS, PTCIL, HARSHA, ROSSTECH",7
Defence (PSU),"HAL, BEL, BDL, MAZDOCK, GRSE, COCHINSHIP, BEML, MIDHANI",8
Defence (Pvt),"DATAPATTNS, ASTRAMICRO, PARAS, ZENTEC, APOLLO, DCXINDIA",6
Shipbuilding,"MAZDOCK, GRSE, COCHINSHIP, SWANDEF",4
Power T&D Equipment,"SIEMENS, ABB, POWERINDIA, CGPOWER, GET&D, TRIL, VOLTAMP",7
Transformers (Small),"TRIL, VOLTAMP, SHILCTECH",3
Cables & Wires,"POLYCAB, KEI, RRKABEL, FINCABLES, DIACABS, PARACABLES, UNIVCABLES",7
Conductors,APARINDS,1
Heavy Electrical / Boilers,"BHEL, THERMAX, TRIVENI",3
Pumps,"KSB, KIRLOSBROS, SHAKTIPUMP, WPIL, ROTO",5
Valves & Flow,AIAENG,1
Compressors / Engines,"ELGIEQUIP, KIRLOSENG, INGERRAND, SWARAJENG",4
Bearings,"TIMKEN, SKFINDIA, SCHAEFFLER, NRBBEARING",4
Forgings & Castings,"BHARATFORG, RKFORGE, HAPPYFORGE, STEELCAS, NELCAST, ELECTCAST",6
Welding / Industrial Consumables,"ESABINDIA, ADOR",2
Machine Tools,"LMW, MACPOWER",2
Railway Wagons & Equipment,"TITAGARH, JWL, TEXRAIL, RAILTEL",4
Railway PSU,"IRCTC, IRFC, RVNL, IRCON, RITES, RAILTEL",6
EPC / Infra Construction,"LT, KEC, KPIL, NCC, PNCINFRA, HGINFRA, GRINFRA, ASHOKA, JKIL",9
Water EPC,WABAG,1
Solar Manufacturing,"WAAREEENER, PREMIERENE, SOLEX",3
Wind,"SUZLON, INOXWIND",2
Batteries,"EXIDEIND, ARE&M",2
2-Wheelers,"BAJAJ-AUTO, HEROMOTOCO, TVSMOTOR, EICHERMOT",4
Cars / UV,"MARUTI, M&M, TATAMOTORS",3
Commercial Vehicles,"ASHOKLEY, FORCEMOT, SMLISUZU",3
Tractors,"ESCORTS, VSTTILLERS",2
Tyres,"MRF, APOLLOTYRE, CEATLTD, JKTYRE, BALKRISIND, TVSSRICHAK",6
Auto Anc (Electricals),"UNOMINDA, LUMAXIND, LUMAXTECH, FIEMIND, VARROC",5
Auto Anc (Engine/Drive),"SONACOMS, ENDURANCE, SUPRAJIT, GABRIEL, SANSERA, JAMNAAUTO",6
Auto Anc (Diversified),"MOTHERSON, BOSCHLTD",2
Steel (Large),"TATASTEEL, JSWSTEEL, SAIL, JINDALSTEL",4
Steel (Small/Long),"SHYAMMETL, GPIL, JAIBALAJI, SUNFLAG",4
Stainless Steel,JSL,1
Steel Pipes,"APLAPOLLO, JINDALSAW, WELCORP, HITECH",4
Aluminium,"HINDALCO, NATIONALUM",2
Copper / Zinc,"HINDCOPPER, HINDZINC, VEDL",3
Ferro Alloys,"MAITHANALL, IMFA",2
Mining (Iron Ore / Coal),"NMDC, COALINDIA",2
Graphite Electrodes,"GRAPHITE, HEG",2
Cement (Large),"ULTRACEMCO, AMBUJACEM, SHREECEM, ACC, DALBHARAT",5
Cement (Mid/Small),"JKCEMENT, RAMCOCEM, JKLAKSHMI, HEIDELBERG, STARCEMENT, ORIENTCEM, SAGCEM, NUVOCO",8
Tiles & Sanitaryware,"KAJARIACER, CERA, SOMANYCERA, ORIENTBELL",4
Plywood & Laminates,"CENTURYPLY, GREENPLY, GREENLAM, STYLAMIND",4
Pipes (PVC),"SUPREMEIND, ASTRAL, FINPIPE, PRINCEPIPE",4
Glass,"ASAHIINDIA, BORORENEW",2
Apparel Retail (Showrooms),"TRENT, ABFRL, VMART, SHOPERSTOP",4
Value Retail,"DMART, VMART",2
Readymade Garments / Innerwear,"PAGEIND, GOKEX, KPRMILL",3
Home Textiles,"WELSPUNLIV, HIMATSEIDE",2
Yarn / Spinning,"VARDHACRLC, NITINSPIN, AMBIKCO, SUTLEJTEX",4
Footwear,"BATAINDIA, RELAXO, METROBRAND, CAMPUS, LIBERTSHOE",5
Jewellery,"TITAN, KALYANKJIL, SENCO, PNGJL, THANGAMAYL, RAJESHEXPO",6
Consumer Durables (White Goods),"VOLTAS, BLUESTARCO, WHIRLPOOL",3
Electricals (FMEG),"HAVELLS, CROMPTON, VGUARD, ORIENTELEC, BAJAJELEC",5
Electronics Mfg (EMS),"DIXON, KAYNES, SYRMA, AVALON, CENTUM",5
QSR,"JUBLFOOD, DEVYANI, SAPPHIRE, WESTLIFE",4
Hotels,"INDHOTEL, EIHOTEL, LEMONTREE, CHALET, MHRIL",5
Airlines / Airports,"INDIGO, GMRAIRPORT",2
Media / OTT / Films,"ZEEL, SUNTV, PVRINOX, NAZARA, SAREGAMA, TIPSINDLTD",6
Personal Care / FMCG,"HINDUNILVR, DABUR, MARICO, GODREJCP, COLPAL, EMAMILTD, JYOTHYLAB",7
Oil Marketing (OMC),"BPCL, HINDPETRO, IOC",3
Refining (Standalone),"MRPL, CHENNPETRO",2
Upstream Oil & Gas,"ONGC, OIL",2
City Gas,"IGL, MGL, GUJGASLTD",3
Gas Transmission,"GAIL, GSPL",2
Power Gen (Thermal/PSU),"NTPC, NHPC, SJVN, TATAPOWER, JSWENERGY",5
Power Exchanges / Trading,"IEX, PTC",2
Renewable IPPs,ADANIGREEN,1
Lubricants,"CASTROLIND, GULFOILLUB",2
PSU Banks,"SBIN, BANKBARODA, PNB, CANBK, UNIONBANK, INDIANB, BANKINDIA, MAHABANK, CENTRALBK, UCOBANK, IOB",11
Private Banks (Large),"HDFCBANK, ICICIBANK, KOTAKBANK, AXISBANK, INDUSINDBK",5
Private Banks (Mid/Small),"FEDERALBNK, IDFCFIRSTB, BANDHANBNK, RBLBANK, KARURVYSYA, CUB, DCBBANK, SOUTHBANK, J&KBANK",9
Small Finance Banks,"AUBANK, UJJIVANSFB, EQUITASBNK, SURYODAY",4
Gold Loans,"MUTHOOTFIN, MANAPPURAM",2
Housing Finance,"LICHSGFIN, CANFINHOME, AAVAS, APTUS, HOMEFIRST",5
Microfinance,"CREDITACC, SPANDANA, FUSION",3
Brokers,"ANGELONE, MOTILALOFS, IIFLCAPS",3
Exchanges / Depositories / RTA,"BSE, MCX, CDSL, CAMS, KFINTECH",5
AMCs,"HDFCAMC, NAM-INDIA, UTIAMC, ABSLAMC",4
Life Insurance,"HDFCLIFE, SBILIFE, ICICIPRULI, LICI",4
General Insurance,"ICICIGI, STARHEALTH, GODIGIT, NIACL",4
Power Finance PSU,"PFC, RECLTD, IREDA",3
IT Services (Large),"TCS, INFY, HCLTECH, WIPRO, TECHM, LTIM",6
IT Services (Mid),"PERSISTENT, COFORGE, MPHASIS, LTTS, KPITTECH, CYIENT, BSOFT, SONATSOFTW",8
Telecom,"BHARTIARTL, IDEA, INDUSTOWER, TATACOMM",4
Internet / Platforms,"ETERNAL, NAUKRI, NYKAA, PAYTM, POLICYBZR",5
Shipping,"SCI, GESHIP",2
Ports & Logistics,"ADANIPORTS, CONCOR, ALLCARGO, TCIEXP, BLUEDART, ACLGATI",6
Real Estate (Large),"DLF, GODREJPROP, OBEROIRLTY, PRESTIGE, PHOENIXLTD, LODHA, BRIGADE, SOBHA",8
Real Estate (Mid/Small),"SUNTECK, MAHLIFE, KOLTEPATIL, ANANTRAJ",4
Paper,"JKPAPER, WSTCSTPAPR, SESHAPAPER, ANDHRAPAP",4
Packaging,"UFLEX, POLYPLEX, GARFIBRES, TCPLPACK",4
